year_id,age_group_name,sex_name,wholegrains,veg,transfat,procmeat,sodium,ssbs,nuts,pufa,redmeat,fruit,legumes,omega3,calcium,fiber,milk,mcv_mort_rate,diabete_prev,obesite_prev,cancercolorectal_inc,cancercolorectal_mort,hypertension_prev,alzheimer_mort,procmeat_over_seuil,procmeat_risque,ssbs_over_seuil,ssbs_risque,sodium_over_seuil,sodium_risque,fiber_over_seuil,fiber_risque,redmeat_over_seuil,redmeat_risque,fruit_over_seuil,fruit_risque
1990,25 to 29,Female,7.70819871484152,160.882839739802,0.591138128815861,40.4149113432624,2.65489835271698,157.76780299626,4.60868930883149,2.21003694586637,85.9368193269464,88.9504510728638,26.9255159202031,0.350692714385843,1.00513530224099,11.8917247105988,185.323786937389,278,2.6,10.2,18.3,9.7,20.5,13.9,False,,True,+18% de cancer global par 100ml/j de boissons sucrées,True,+20–30% de risque d’HTA si sodium >2g/j,True,-9% de risque de diabète type 2 par 10g/j de fibres,False,,True,-4% de mortalité cardiovasculaire par +80g/j de fruits
1990,30 to 34,Female,8.48146921914132,164.792356218182,0.581462896551707,39.7830079082838,2.58383376017726,132.058070975208,4.87750710585879,2.23461190216908,85.665811461269,92.1222967682598,27.8592045379108,0.353828243466519,1.00932997870126,12.0738121799423,180.913743977891,278,2.6,10.2,18.3,9.7,20.5,13.9,False,,True,+18% de cancer global par 100ml/j de boissons sucrées,True,+20–30% de risque d’HTA si sodium >2g/j,True,-9% de risque de diabète type 2 par 10g/j de fibres,False,,True,-4% de mortalité cardiovasculaire par +80g/j de fruits
1990,35 to 39,Female,9.18875626962666,168.020758372439,0.591545758174735,39.7077291292426,2.47889952232036,142.708557572796,5.14242031498189,2.25941645873299,85.5592592935192,95.4069822792612,28.7368130579968,0.355872132481866,1.01351447098425,12.2718873252978,175.749997337018,278,2.6,10.2,18.3,9.7,20.5,13.9,False,,True,+18% de cancer global par 100ml/j de boissons sucrées,True,+20–30% de risque d’HTA si sodium >2g/j,True,-9% de risque de diabète type 2 par 10g/j de fibres,False,,True,-4% de mortalité cardiovasculaire par +80g/j de fruits
1990,40 to 44,Female,9.67601251416368,168.939241980605,0.60266351801288,38.1672274495312,2.35580534473957,88.5870896874756,5.4697094497113,2.29755709028752,84.3338871228477,113.284606391022,29.1482394024409,0.364835216603262,1.02286055192152,12.6385650075479,175.851929386255,278,2.6,10.2,18.3,9.7,20.5,13.9,False,,False,,True,+20–30% de risque d’HTA si sodium >2g/j,True,-9% de risque de diabète type 2 par 10g/j de fibres,False,,True,-4% de mortalité cardiovasculaire par +80g/j de fruits
1990,45 to 49,Female,9.94280819408913,177.671907671503,0.606757328170628,36.3644483428005,2.26032175393019,76.5982067630927,5.78739585657205,2.32871706584313,81.3732653619182,122.829923248986,29.4236984049627,0.381890384046194,1.03213494507863,13.6341350723286,182.055226685813,278,2.6,10.2,18.3,9.7,20.5,13.9,False,,False,,True,+20–30% de risque d’HTA si sodium >2g/j,True,-9% de risque de diabète type 2 par 10g/j de fibres,False,,True,-4% de mortalité cardiovasculaire par +80g/j de fruits
1990,50 to 54,Female,10.1400653252221,180.735114672444,0.61802249539647,35.1482557298226,2.32542173749766,69.5755898731629,6.11572048913592,2.35682894899745,78.42465654611,140.911135909557,29.8173183261598,0.40457018966718,1.06680815980837,13.9837535504123,186.436209138836,278,2.6,10.2,18.3,9.7,20.5,13.9,False,,False,,True,+20–30% de risque d’HTA si sodium >2g/j,True,-9% de risque de diabète type 2 par 10g/j de fibres,False,,True,-4% de mortalité cardiovasculaire par +80g/j de fruits
1990,55 to 59,Female,10.3869802643497,178.914434801175,0.631456660691757,33.2425244421064,2.38928565133907,60.6794313096535,6.42885790995065,2.38275683825251,76.0054134277384,132.732775510514,29.8464510902321,0.423507755086708,1.0891141056122,14.6346849134983,192.824575735553,278,2.6,10.2,18.3,9.7,20.5,13.9,False,,False,,True,+20–30% de risque d’HTA si sodium >2g/j,True,-9% de risque de diabète type 2 par 10g/j de fibres,False,,True,-4% de mortalité cardiovasculaire par +80g/j de fruits
1990,60 to 64,Female,10.4497379054144,177.143730901439,0.641930803864929,31.5712940476984,2.40524073692568,55.3387001365986,6.4272752995885,2.38544015104612,72.7790434717858,137.314319041556,29.4897293902048,0.429785747008213,1.08599713422484,14.8565046319274,196.169965128575,278,2.6,10.2,18.3,9.7,20.5,13.9,False,,False,,True,+20–30% de risque d’HTA si sodium >2g/j,True,-9% de risque de diabète type 2 par 10g/j de fibres,False,,True,-4% de mortalité cardiovasculaire par +80g/j de fruits
1990,65 to 69,Female,10.4890478841461,180.207720074942,0.654434705865405,29.5121403399468,2.41852966760388,52.3214503704311,6.06759102010475,2.37912666159846,69.2192646411523,134.141371516975,28.4998498991862,0.416735843539391,1.04834783492412,14.9122424626718,196.479581924707,278,2.6,10.2,18.3,9.7,20.5,13.9,False,,False,,True,+20–30% de risque d’HTA si sodium >2g/j,True,-9% de risque de diabète type 2 par 10g/j de fibres,False,,True,-4% de mortalité cardiovasculaire par +80g/j de fruits
1990,70 to 74,Female,10.5017749301575,164.319390939814,0.674685847865336,27.5634909716507,2.39226896314829,48.377927242048,5.72378022680172,2.35800480099387,65.48317457139,131.491274730422,27.4664302250931,0.397501683561397,1.00561974970407,13.9332662164705,198.404856212152,278,2.6,10.2,18.3,9.7,20.5,13.9,False,,False,,True,+20–30% de risque d’HTA si sodium >2g/j,True,-9% de risque de diabète type 2 par 10g/j de fibres,False,,True,-4% de mortalité cardiovasculaire par +80g/j de fruits
1990,75 to 79,Female,10.5130413677695,157.730636274561,0.692768518021236,25.3322881864924,2.61757061927726,46.4211763724896,5.3942033729353,2.3369580596944,61.8906811460626,128.555517708635,26.3677726299897,0.382706849916282,0.964160974890074,13.5137815849322,199.002101956678,278,2.6,10.2,18.3,9.7,20.5,13.9,False,,False,,True,+20–30% de risque d’HTA si sodium >2g/j,True,-9% de risque de diabète type 2 par 10g/j de fibres,False,,True,-4% de mortalité cardiovasculaire par +80g/j de fruits
1990,80 to 84,Female,10.5322495130635,139.33264103878,0.704501690743901,21.4780112873706,2.64943258022596,41.2428735902044,4.44422968768671,2.28142606921782,51.6855373061364,121.696797148224,23.8978944267891,0.340913437548083,0.865928483260728,12.2749060649161,199.599845331035,278,2.6,10.2,18.3,9.7,20.5,13.9,False,,False,,True,+20–30% de risque d’HTA si sodium >2g/j,True,-9% de risque de diabète type 2 par 10g/j de fibres,False,,True,-4% de mortalité cardiovasculaire par +80g/j de fruits
1990,85 to 89,Female,12.4352136899748,142.800095881409,0.709025667558977,25.4092092723272,2.76415433530969,55.0648529451634,5.26428069503148,2.53120309739599,51.0576131276705,126.48045673862,21.3615018624014,0.348785586574701,0.902126018683288,13.2267776482135,199.579049000309,278,2.6,10.2,18.3,9.7,20.5,13.9,False,,False,,True,+20–30% de risque d’HTA si sodium >2g/j,True,-9% de risque de diabète type 2 par 10g/j de fibres,False,,True,-4% de mortalité cardiovasculaire par +80g/j de fruits
1990,90 to 94,Female,10.8589502355814,143.497234864489,0.713090806746013,25.752243585077,2.73800251824899,54.7136339107179,5.30576906264045,2.5352548255328,52.6216565950603,123.821090191653,21.4072501052386,0.34986204915333,0.898984365365485,13.2651790400286,201.474984534448,278,2.6,10.2,18.3,9.7,20.5,13.9,False,,False,,True,+20–30% de risque d’HTA si sodium >2g/j,True,-9% de risque de diabète type 2 par 10g/j de fibres,False,,True,-4% de mortalité cardiovasculaire par +80g/j de fruits
1990,95 plus,Female,10.6087772201291,143.243012599874,0.709359976193465,25.184880746295,2.75831995612885,55.3133760768721,5.34103938131056,2.5352246774666,51.1919397418755,126.78287941421,21.4386420567054,0.348043654193732,0.898524388274063,13.2330577828012,201.356183828944,278,2.6,10.2,18.3,9.7,20.5,13.9,False,,False,,True,+20–30% de risque d’HTA si sodium >2g/j,True,-9% de risque de diabète type 2 par 10g/j de fibres,False,,True,-4% de mortalité cardiovasculaire par +80g/j de fruits
1991,25 to 29,Female,7.56930713317522,159.975541803582,0.592061809112698,40.454766962048,2.65500921183279,157.750220984598,4.6486257661172,2.22803172002447,85.2568229020336,88.7784254182183,27.2076435292151,0.354585479341225,1.00430209879544,11.9140505587554,185.645088504627,270,2.7,10.4,18.5,9.8,20.7,14.2,False,,True,+18% de cancer global par 100ml/j de boissons sucrées,True,+20–30% de risque d’HTA si sodium >2g/j,True,-9% de risque de diabète type 2 par 10g/j de fibres,False,,True,-4% de mortalité cardiovasculaire par +80g/j de fruits
1991,30 to 34,Female,8.33924088583017,163.751903282355,0.582339900581192,39.8226523527563,2.5839085772929,132.304872119169,4.91852632087631,2.2532522397056,85.0380732483865,91.9057791811321,28.153217428527,0.358086257778458,1.00842032804968,12.0962353994423,181.182325370088,270,2.7,10.4,18.5,9.8,20.7,14.2,False,,True,+18% de cancer global par 100ml/j de boissons sucrées,True,+20–30% de risque d’HTA si sodium >2g/j,True,-9% de risque de diabète type 2 par 10g/j de fibres,False,,True,-4% de mortalité cardiovasculaire par +80g/j de fruits
1991,35 to 39,Female,9.0296174308808,167.083660279714,0.592487715610973,39.7241413031348,2.47853550206023,142.158599498925,5.19337492069881,2.27797981336018,84.911882904034,95.2022396346864,29.0701389876016,0.35988133431873,1.01259584741138,12.2946390047431,175.937990329988,270,2.7,10.4,18.5,9.8,20.7,14.2,False,,True,+18% de cancer global par 100ml/j de boissons sucrées,True,+20–30% de risque d’HTA si sodium >2g/j,True,-9% de risque de diabète type 2 par 10g/j de fibres,False,,True,-4% de mortalité cardiovasculaire par +80g/j de fruits
1991,40 to 44,Female,9.503741038798,167.590880541123,0.602628639762974,38.2092549561329,2.35515082943177,88.377634425112,5.51831997403469,2.31588544519626,83.6598682254346,114.893881527962,29.4711008086418,0.368873818228247,1.02209747408731,12.6639453044917,176.183419912963,270,2.7,10.4,18.5,9.8,20.7,14.2,False,,False,,True,+20–30% de risque d’HTA si sodium >2g/j,True,-9% de risque de diabète type 2 par 10g/j de fibres,False,,True,-4% de mortalité cardiovasculaire par +80g/j de fruits
1991,45 to 49,Female,9.77077897807219,177.206278171289,0.608148500133737,36.377504571612,2.25981482147802,76.6260065458616,5.83933417984126,2.34678596193324,80.7209794866439,125.235299266664,29.7428357627432,0.386323630271186,1.03037772469707,13.7474909057137,182.316565914026,270,2.7,10.4,18.5,9.8,20.7,14.2,False,,False,,True,+20–30% de risque d’HTA si sodium >2g/j,True,-9% de risque de diabète type 2 par 10g/j de fibres,False,,True,-4% de mortalité cardiovasculaire par +80g/j de fruits
1991,50 to 54,Female,9.9680815893917,180.372012390627,0.618685133023878,35.1639162509177,2.32499914829415,69.4101131103536,6.1709923177908,2.37551283151196,77.7948075840268,146.708484169037,30.1557465231401,0.409279688541554,1.06567786644496,14.0104439850437,186.659535602417,270,2.7,10.4,18.5,9.8,20.7,14.2,False,,False,,True,+20–30% de risque d’HTA si sodium >2g/j,True,-9% de risque de diabète type 2 par 10g/j de fibres,False,,True,-4% de mortalité cardiovasculaire par +80g/j de fruits
1991,55 to 59,Female,10.2047162873476,177.695323724337,0.630000223548302,33.266266693182,2.38596649209233,60.6807736025422,6.48649960901255,2.40097497863872,75.3532191547152,132.352918421771,30.1725887302003,0.428037257528714,1.08807666734202,14.6603041934039,193.037832637046,270,2.7,10.4,18.5,9.8,20.7,14.2,False,,False,,True,+20–30% de risque d’HTA si sodium >2g/j,True,-9% de risque de diabète type 2 par 10g/j de fibres,False,,True,-4% de mortalité cardiovasculaire par +80g/j de fruits
1991,60 to 64,Female,10.2643730859642,176.044206691652,0.642172089631976,31.5877668447499,2.40269944563186,55.3533688860653,6.48695025249007,2.40451197847471,72.213247069737,136.98559774758,29.8224770458074,0.434676088120466,1.08508015576704,14.8809589802647,196.435468078622,270,2.7,10.4,18.5,9.8,20.7,14.2,False,,False,,True,+20–30% de risque d’HTA si sodium >2g/j,True,-9% de risque de diabète type 2 par 10g/j de fibres,False,,True,-4% de mortalité cardiovasculaire par +80g/j de fruits
1991,65 to 69,Female,10.3108122937173,180.045734785647,0.655760133043389,29.5120689789295,2.41495922127509,52.3050750852669,6.12427274715498,2.39795396689754,68.6254092606699,133.8625924894,28.8115711949454,0.421696398036808,1.04758528249934,15.0421313067589,196.702092085414,270,2.7,10.4,18.5,9.8,20.7,14.2,False,,False,,True,+20–30% de risque d’HTA si sodium >2g/j,True,-9% de risque de diabète type 2 par 10g/j de fibres,False,,True,-4% de mortalité cardiovasculaire par +80g/j de fruits
1991,70 to 74,Female,10.3160753375799,163.305355243487,0.673316067751998,27.5859650853145,2.38407839720576,48.3503355211078,5.7755884690892,2.37668294041482,64.9603874099608,131.243190313616,27.7608213495812,0.401847675028061,1.0048652084486,13.9595632982962,198.695008156175,270,2.7,10.4,18.5,9.8,20.7,14.2,False,,False,,True,+20–30% de risque d’HTA si sodium >2g/j,True,-9% de risque de diabète type 2 par 10g/j de fibres,False,,True,-4% de mortalité cardiovasculaire par +80g/j de fruits
1991,75 to 79,Female,10.3373164993353,156.760623876526,0.692608575922482,25.3564811983003,2.5960411540114,46.4299173747937,5.44481397993101,2.3556483959123,61.3627460447122,128.293084968647,26.6139442575432,0.386908142899639,0.963563827612691,13.5349252734781,199.227024632223,270,2.7,10.4,18.5,9.8,20.7,14.2,False,,False,,True,+20–30% de risque d’HTA si sodium >2g/j,True,-9% de risque de diabète type 2 par 10g/j de fibres,False,,True,-4% de mortalité cardiovasculaire par +80g/j de fruits
1991,80 to 84,Female,10.3551651844408,138.511661264588,0.707009880127862,21.3849680178487,2.63066598344037,41.0662142363068,4.4813562805527,2.29959633416725,51.2094370863106,121.460729807663,24.1200948601081,0.344636430925251,0.865346249967868,12.2987970062741,199.78818302596,270,2.7,10.4,18.5,9.8,20.7,14.2,False,,False,,True,+20–30% de risque d’HTA si sodium >2g/j,True,-9% de risque de diabète type 2 par 10g/j de fibres,False,,True,-4% de mortalité cardiovasculaire par +80g/j de fruits
1991,85 to 89,Female,12.5279915290477,143.276817333572,0.709976006177046,25.4699885687369,2.74941655667968,55.8309350461462,5.31247547748466,2.54955909806398,50.9774481928675,127.010240968309,21.3641887137987,0.352742437676611,0.905282537799462,13.2752742216563,199.991090089277,270,2.7,10.4,18.5,9.8,20.7,14.2,False,,False,,True,+20–30% de risque d’HTA si sodium >2g/j,True,-9% de risque de diabète type 2 par 10g/j de fibres,False,,True,-4% de mortalité cardiovasculaire par +80g/j de fruits
1991,90 to 94,Female,10.8263889467408,144.070533062183,0.711207648776216,25.8435047609745,2.72269946596079,55.4812830557003,5.35894556088328,2.55285932564482,52.6426615597503,123.989282480367,21.4068531369089,0.353723432529702,0.902046644007991,13.3148162838255,201.87878708374,270,2.7,10.4,18.5,9.8,20.7,14.2,False,,False,,True,+20–30% de risque d’HTA si sodium >2g/j,True,-9% de risque de diabète type 2 par 10g/j de fibres,False,,True,-4% de mortalité cardiovasculaire par +80g/j de fruits
1991,95 plus,Female,10.5774675422147,143.704816042775,0.709067033361187,25.2470016267238,2.74463479093172,56.0200606654339,5.39578512651876,2.55187953259934,51.2384483518618,127.263655499471,21.4594256593052,0.35164978026362,0.901416932513497,13.277445387993,201.693375755343,270,2.7,10.4,18.5,9.8,20.7,14.2,False,,False,,True,+20–30% de risque d’HTA si sodium >2g/j,True,-9% de risque de diabète type 2 par 10g/j de fibres,False,,True,-4% de mortalité cardiovasculaire par +80g/j de fruits
1992,25 to 29,Female,7.42271963218205,158.721573132005,0.591454141283672,40.5027914646427,2.65507003711919,157.537726379318,4.67478695735442,2.24849450244971,84.470336713157,88.4615045792021,27.4399511389668,0.358227827210441,1.00226743167651,11.9216189850816,185.934692742995,265,2.9,10.6,18.2,9.6,20.9,14.7,False,,True,+18% de cancer global par 100ml/j de boissons sucrées,True,+20–30% de risque d’HTA si sodium >2g/j,True,-9% de risque de diabète type 2 par 10g/j de fibres,False,,True,-4% de mortalité cardiovasculaire par +80g/j de fruits
1992,30 to 34,Female,8.18380786851833,162.36429811083,0.582625258832273,39.8736952631363,2.58416651475031,132.371496445993,4.94470867964529,2.2742504041584,84.2968810957214,91.5530570560427,28.3841356615783,0.362143674617728,1.00627006937979,12.1032625263308,181.455027840734,265,2.9,10.6,18.2,9.6,20.9,14.7,False,,True,+18% de cancer global par 100ml/j de boissons sucrées,True,+20–30% de risque d’HTA si sodium >2g/j,True,-9% de risque de diabète type 2 par 10g/j de fibres,False,,True,-4% de mortalité cardiovasculaire par +80g/j de fruits
1992,35 to 39,Female,8.86036134203831,165.769382392987,0.593297918981196,39.7499150803528,2.47803791431031,140.958151945052,5.22785075923509,2.29924530505528,84.1133548138091,94.7981655873009,29.3244449939185,0.363628957869157,1.0104081110898,12.3002685766481,176.141068587307,265,2.9,10.6,18.2,9.6,20.9,14.7,False,,True,+18% de cancer global par 100ml/j de boissons sucrées,True,+20–30% de risque d’HTA si sodium >2g/j,True,-9% de risque de diabète type 2 par 10g/j de fibres,False,,True,-4% de mortalité cardiovasculaire par +80g/j de fruits
1992,40 to 44,Female,9.32019387520896,165.940169809694,0.60380011833479,38.2683567678261,2.35410155696581,88.0010175936783,5.549537234753,2.33697131999507,82.8821744433312,115.758320151134,29.7236028833761,0.372686551065959,1.02002857511794,12.673104620697,176.518668292237,265,2.9,10.6,18.2,9.6,20.9,14.7,False,,False,,True,+20–30% de risque d’HTA si sodium >2g/j,True,-9% de risque de diabète type 2 par 10g/j de fibres,False,,True,-4% de mortalité cardiovasculaire par +80g/j de fruits
1992,45 to 49,Female,9.58264046686758,176.312554568187,0.610111218894758,36.4047263497459,2.25922402878814,76.5556155352251,5.87032328471636,2.36758717360192,79.9727086612661,127.16003658509,29.9948972734617,0.390557519617097,1.02747920782393,13.8341259874726,182.568184743386,265,2.9,10.6,18.2,9.6,20.9,14.7,False,,False,,True,+20–30% de risque d’HTA si sodium >2g/j,True,-9% de risque de diabète type 2 par 10g/j de fibres,False,,True,-4% de mortalité cardiovasculaire par +80g/j de fruits
1992,50 to 54,Female,9.78204041321304,179.5396410482,0.619486687434346,35.1763461973333,2.32432993920358,69.1437722710686,6.20658816351186,2.39702857729393,77.0802028725914,152.271156460518,30.4224593980907,0.413676312621152,1.06322601555912,14.0160972739792,186.881288470992,265,2.9,10.6,18.2,9.6,20.9,14.7,False,,False,,True,+20–30% de risque d’HTA si sodium >2g/j,True,-9% de risque de diabète type 2 par 10g/j de fibres,False,,True,-4% de mortalité cardiovasculaire par +80g/j de fruits
1992,55 to 59,Female,10.0059219380635,176.108182734948,0.630085771892986,33.302228969985,2.38286227767195,60.5635240370506,6.52320740132529,2.42171033980835,74.6181819290025,131.673915638072,30.4221947314444,0.432347528571786,1.08570107187267,14.6632338278813,193.266215295471,265,2.9,10.6,18.2,9.6,20.9,14.7,False,,False,,True,+20–30% de risque d’HTA si sodium >2g/j,True,-9% de risque de diabète type 2 par 10g/j de fibres,False,,True,-4% de mortalité cardiovasculaire par +80g/j de fruits
1992,60 to 64,Female,10.063208275005,174.545365639516,0.642633986939167,31.6114695735835,2.40044215847658,55.2561318259527,6.52603542062145,2.42644839751411,71.5542423174462,136.369299571206,30.0914293817365,0.43926247489777,1.08281065810547,14.886664312775,196.702239925048,265,2.9,10.6,18.2,9.6,20.9,14.7,False,,False,,True,+20–30% de risque d’HTA si sodium >2g/j,True,-9% de risque de diabète type 2 par 10g/j de fibres,False,,True,-4% de mortalité cardiovasculaire par +80g/j de fruits
1992,65 to 69,Female,10.1180801955349,179.16703348846,0.656171130040121,29.5168038179346,2.41153685155457,52.1755626773684,6.16070488309571,2.41934683509256,67.9502696704707,133.304371622342,29.057410796833,0.426320727179374,1.04547240603981,15.1228848953825,196.938187052086,265,2.9,10.6,18.2,9.6,20.9,14.7,False,,False,,True,+20–30% de risque d’HTA si sodium >2g/j,True,-9% de risque de diabète type 2 par 10g/j de fibres,False,,True,-4% de mortalité cardiovasculaire par +80g/j de fruits
1992,70 to 74,Female,10.119700239031,161.926377477192,0.675139289229964,27.6153475493504,2.37650584111581,48.2541070184999,5.80917024570912,2.39800020438721,64.3554648249495,130.704868341827,27.9866962130819,0.405963508826205,1.00293422246378,13.9685729949567,198.999615952457,265,2.9,10.6,18.2,9.6,20.9,14.7,False,,False,,True,+20–30% de risque d’HTA si sodium >2g/j,True,-9% de risque de diabète type 2 par 10g/j de fibres,False,,True,-4% de mortalité cardiovasculaire par +80g/j de fruits
1992,75 to 79,Female,10.1433900178345,155.454455194956,0.691959457681179,25.3896466672042,2.57578736017981,46.3106356981272,5.47656240388575,2.37664926869256,60.7519308227989,127.795951195787,26.8099138881673,0.390887221238485,0.961763870862918,13.5361382612764,199.434018530433,265,2.9,10.6,18.2,9.6,20.9,14.7,False,,False,,True,+20–30% de risque d’HTA si sodium >2g/j,True,-9% de risque de diabète type 2 par 10g/j de fibres,False,,True,-4% de mortalité cardiovasculaire par +80g/j de fruits
1992,80 to 84,Female,10.1620777141963,137.417461376185,0.710315356689316,21.293766779385,2.61302420498692,40.8184255581203,4.50502112347224,2.32048500540924,50.6651965041334,120.976752179061,24.2895601791738,0.348172559697167,0.863761535589936,12.3062072249496,199.945900442692,265,2.9,10.6,18.2,9.6,20.9,14.7,False,,False,,True,+20–30% de risque d’HTA si sodium >2g/j,True,-9% de risque de diabète type 2 par 10g/j de fibres,False,,True,-4% de mortalité cardiovasculaire par +80g/j de fruits
1992,85 to 89,Female,12.6147303012359,143.54418965912,0.711178929725777,25.5175088471538,2.73562995944816,56.5103785217367,5.35201676148153,2.56799266097736,50.8617818409277,127.476493515948,21.346176889093,0.356443484098591,0.907471878971893,13.314098408312,200.232443107609,265,2.9,10.6,18.2,9.6,20.9,14.7,False,,False,,True,+20–30% de risque d’HTA si sodium >2g/j,True,-9% de risque de diabète type 2 par 10g/j de fibres,False,,True,-4% de mortalité cardiovasculaire par +80g/j de fruits
1992,90 to 94,Female,10.7867491910739,144.378098915565,0.71038555582985,25.9171489398748,2.70834742599676,56.1140509894553,5.4022774777983,2.57031635571886,52.6097308341406,124.104664282803,21.3853532813133,0.357413946054806,0.904116270116237,13.3534326301395,202.091116042785,265,2.9,10.6,18.2,9.6,20.9,14.7,False,,False,,True,+20–30% de risque d’HTA si sodium >2g/j,True,-9% de risque de diabète type 2 par 10g/j de fibres,False,,True,-4% de mortalité cardiovasculaire par +80g/j de fruits
1992,95 plus,Female,10.5371804798292,143.964459197329,0.709245846179399,25.29771078556,2.73142717695275,56.6029000712381,5.43903392286507,2.56879205612706,51.234981957253,127.634626662059,21.4504645593935,0.355049328981915,0.903359848379194,13.3115098376339,201.853827834675,265,2.9,10.6,18.2,9.6,20.9,14.7,False,,False,,True,+20–30% de risque d’HTA si sodium >2g/j,True,-9% de risque de diabète type 2 par 10g/j de fibres,False,,True,-4% de mortalité cardiovasculaire par +80g/j de fruits
1993,25 to 29,Female,7.26904892826692,157.029594513667,0.589454596159078,40.5566054038228,2.65730187147985,157.072764394606,4.68181315150776,2.26913733967316,83.5561846679174,87.903841620949,27.5706383932555,0.360940507212921,0.998508483679656,11.9089117400155,186.125822297584,260,3.0,10.9,17.9,9.5,21.2,15.0,False,,True,+18% de cancer global par 100ml/j de boissons sucrées,True,+20–30% de risque d’HTA si sodium >2g/j,True,-9% de risque de diabète type 2 par 10g/j de fibres,False,,True,-4% de mortalité cardiovasculaire par +80g/j de fruits
1993,30 to 34,Female,8.01505941266616,160.535912665546,0.584334900229005,39.9379201459299,2.58723954755993,132.032381459432,4.94991270782464,2.29503645155587,83.3892798444431,90.9483924102033,28.4993581528047,0.365258545107946,1.00237468660524,12.0889061563091,181.676288186327,260,3.0,10.9,17.9,9.5,21.2,15.0,False,,True,+18% de cancer global par 100ml/j de boissons sucrées,True,+20–30% de risque d’HTA si sodium >2g/j,True,-9% de risque de diabète type 2 par 10g/j de fibres,False,,True,-4% de mortalité cardiovasculaire par +80g/j de fruits
1993,35 to 39,Female,8.67801521633421,164.000796150937,0.594048219822925,39.779083341216,2.47804740478036,138.99580506092,5.23875480927306,2.32109959999019,83.1447615796437,94.1124737148009,29.4580652257287,0.3664822631024,1.00643670015698,12.2852908521349,176.303815691967,260,3.0,10.9,17.9,9.5,21.2,15.0,False,,True,+18% de cancer global par 100ml/j de boissons sucrées,True,+20–30% de risque d’HTA si sodium >2g/j,True,-9% de risque de diabète type 2 par 10g/j de fibres,False,,True,-4% de mortalité cardiovasculaire par +80g/j de fruits
1993,40 to 44,Female,9.12392447480179,163.906680824809,0.604582914740479,38.3395092573302,2.35284151501074,87.403565462755,5.55586835925581,2.35830415044979,81.9494057694808,115.494464640713,29.8619735382314,0.375520421552901,1.01614715802903,12.6614989933495,176.801969513661,260,3.0,10.9,17.9,9.5,21.2,15.0,False,,False,,True,+20–30% de risque d’HTA si sodium >2g/j,True,-9% de risque de diabète type 2 par 10g/j de fibres,False,,True,-4% de mortalité cardiovasculaire par +80g/j de fruits
1993,45 to 49,Female,9.37803564704996,174.866809017905,0.610232025323483,36.4426872815369,2.25887404277457,76.2467375226387,5.8748747621399,2.38887363839398,79.0711720575676,128.124192207019,30.1366458095346,0.393778492679476,1.02300881290862,13.8785678624517,182.745575647957,260,3.0,10.9,17.9,9.5,21.2,15.0,False,,False,,True,+20–30% de risque d’HTA si sodium >2g/j,True,-9% de risque de diabète type 2 par 10g/j de fibres,False,,True,-4% de mortalité cardiovasculaire par +80g/j de fruits
1993,50 to 54,Female,9.58095898565652,178.102384359022,0.620356170340354,35.1933507853545,2.32412368894125,68.6988036349039,6.21694867061444,2.41902297588733,76.2364353658037,156.715544387355,30.5576906206457,0.416930260950159,1.05888832376438,13.9961094492687,187.064951359747,260,3.0,10.9,17.9,9.5,21.2,15.0,False,,False,,True,+20–30% de risque d’HTA si sodium >2g/j,True,-9% de risque de diabète type 2 par 10g/j de fibres,False,,True,-4% de mortalité cardiovasculaire par +80g/j de fruits
1993,55 to 59,Female,9.79340431699768,174.070168557201,0.631115313170388,33.340977111555,2.38072220973993,60.3044419962253,6.53022774126177,2.44275759532327,73.7855408499551,130.572422325401,30.5491859257207,0.43554328979798,1.0814101199586,14.6400854753394,193.466694195158,260,3.0,10.9,17.9,9.5,21.2,15.0,False,,False,,True,+20–30% de risque d’HTA si sodium >2g/j,True,-9% de risque de diabète type 2 par 10g/j de fibres,False,,True,-4% de mortalité cardiovasculaire par +80g/j de fruits
1993,60 to 64,Female,9.84665418633769,172.590562133544,0.644597493045254,31.6346198036005,2.39952285018876,54.946392526086,6.5364246304219,2.44900434756568,70.760824422319,135.330868704574,30.2540058697543,0.442606987065223,1.07866659960246,14.8685629839507,196.918738855595,260,3.0,10.9,17.9,9.5,21.2,15.0,False,,False,,True,+20–30% de risque d’HTA si sodium >2g/j,True,-9% de risque de diabète type 2 par 10g/j de fibres,False,,True,-4% de mortalité cardiovasculaire par +80g/j de fruits
1993,65 to 69,Female,9.91086838081247,177.373100993938,0.65717422983826,29.5314528942196,2.41134556855238,51.8664743676321,6.17016739302748,2.44082024028889,67.1796701485723,132.326773479288,29.1895254001946,0.429780877976308,1.04151200909231,15.1316309721648,197.144158353606,260,3.0,10.9,17.9,9.5,21.2,15.0,False,,False,,True,+20–30% de risque d’HTA si sodium >2g/j,True,-9% de risque de diabète type 2 par 10g/j de fibres,False,,True,-4% de mortalité cardiovasculaire par +80g/j de fruits
1993,70 to 74,Female,9.91209138958227,160.121260470704,0.67756873307499,27.6405177343623,2.37734999713433,48.0154371408178,5.81683487704548,2.41959081408971,63.6298962114758,129.793028738894,28.1000987210007,0.408985118622485,0.999288714758194,13.9557770393201,199.228477827303,260,3.0,10.9,17.9,9.5,21.2,15.0,False,,False,,True,+20–30% de risque d’HTA si sodium >2g/j,True,-9% de risque de diabète type 2 par 10g/j de fibres,False,,True,-4% de mortalité cardiovasculaire par +80g/j de fruits
1993,75 to 79,Female,9.9316974698523,153.713939696118,0.693275923647765,25.4261529556149,2.56113972498025,46.0387009591335,5.48218444957589,2.39797569066367,60.0584669251323,126.917643938535,26.9108895579571,0.393887087572317,0.95828770903036,13.5138213171513,199.603709694343,260,3.0,10.9,17.9,9.5,21.2,15.0,False,,False,,True,+20–30% de risque d’HTA si sodium >2g/j,True,-9% de risque de diabète type 2 par 10g/j de fibres,False,,True,-4% de mortalité cardiovasculaire par +80g/j de fruits
1993,80 to 84,Female,9.95190231527261,135.964413657803,0.712926569182952,21.2043595329651,2.60140461524662,40.4731102672693,4.51045359405535,2.34187344923891,50.0491654568681,120.153801518997,24.3673001471198,0.350832128894992,0.860740610553791,12.2934845083069,200.056059068722,260,3.0,10.9,17.9,9.5,21.2,15.0,False,,False,,True,+20–30% de risque d’HTA si sodium >2g/j,True,-9% de risque de diabète type 2 par 10g/j de fibres,False,,True,-4% de mortalité cardiovasculaire par +80g/j de fruits
1993,85 to 89,Female,12.6897863612752,143.517732708872,0.710613125894119,25.5515463973419,2.7277418091588,56.9755063726479,5.37593691232442,2.58342610577562,50.7036920410254,127.706028315997,21.2885873514866,0.359106511918387,0.908151456147875,13.3362582222882,200.206429924805,260,3.0,10.9,17.9,9.5,21.2,15.0,False,,False,,True,+20–30% de risque d’HTA si sodium >2g/j,True,-9% de risque de diabète type 2 par 10g/j de fibres,False,,True,-4% de mortalité cardiovasculaire par +80g/j de fruits
1993,90 to 94,Female,10.7410761268085,144.362697956904,0.711254066106357,25.9617154021399,2.69980739671147,56.5415851536891,5.43095527328951,2.58465885845124,52.4978549974856,124.076270775198,21.3178310207098,0.360162834324826,0.90470418486837,13.3759800484759,202.031999607987,260,3.0,10.9,17.9,9.5,21.2,15.0,False,,False,,True,+20–30% de risque d’HTA si sodium >2g/j,True,-9% de risque de diabète type 2 par 10g/j de fibres,False,,True,-4% de mortalité cardiovasculaire par +80g/j de fruits
1993,95 plus,Female,10.4866384019976,143.918664769007,0.710415855654225,25.3284362801817,2.72365801874814,56.927485140145,5.46384838041591,2.58279851254744,51.1797948835707,127.775504395509,21.4002434578441,0.357553314706438,0.903886165248897,13.3305079641331,201.74456068303,260,3.0,10.9,17.9,9.5,21.2,15.0,False,,False,,True,+20–30% de risque d’HTA si sodium >2g/j,True,-9% de risque de diabète type 2 par 10g/j de fibres,False,,True,-4% de mortalité cardiovasculaire par +80g/j de fruits
1990,25 to 29,Male,6.83224467846767,154.307029253376,0.592336482141497,34.2112625394007,3.53719716097438,129.327928963481,4.13178447406252,2.32123564101344,86.0095192521289,92.7765637543012,23.5132920896149,0.478356177157538,0.887114004768773,11.9625122295408,182.713407728803,425,2.4,9.1,29.8,12.5,19.2,11.1,False,,True,+18% de cancer global par 100ml/j de boissons sucrées,True,+20–30% de risque d’HTA si sodium >2g/j,True,-9% de risque de diabète type 2 par 10g/j de fibres,False,,True,-4% de mortalité cardiovasculaire par +80g/j de fruits
1990,30 to 34,Male,7.56222053328323,157.864777561694,0.583450758542799,33.9405547165527,3.342637790899,108.950301941585,4.37284516090304,2.33983384471716,85.7254175968996,96.0283329706028,24.1220228096804,0.484669414947171,0.890981587928042,12.1533531849214,178.336533607097,425,2.4,9.1,29.8,12.5,19.2,11.1,False,,True,+18% de cancer global par 100ml/j de boissons sucrées,True,+20–30% de risque d’HTA si sodium >2g/j,True,-9% de risque de diabète type 2 par 10g/j de fibres,False,,True,-4% de mortalité cardiovasculaire par +80g/j de fruits
1990,35 to 39,Male,8.19940582233181,161.208341205522,0.592995830109223,33.4875924978579,2.99439289066315,134.984532402266,4.62166743202083,2.37201071233601,85.7344185270666,99.4522792063873,24.9059550448827,0.482048002647619,0.894119177058234,12.3502997187707,173.620812044382,425,2.4,9.1,29.8,12.5,19.2,11.1,False,,True,+18% de cancer global par 100ml/j de boissons sucrées,True,+20–30% de risque d’HTA si sodium >2g/j,True,-9% de risque de diabète type 2 par 10g/j de fibres,False,,True,-4% de mortalité cardiovasculaire par +80g/j de fruits
1990,40 to 44,Male,8.64891748404475,162.581338356778,0.59943392381657,32.7812304805403,2.69117461285777,71.9186875125754,4.91217409295122,2.40454911552434,84.5244507456995,117.733351388028,25.2406592207188,0.492736562466025,0.903454856850423,12.7166345377204,174.734204920457,425,2.4,9.1,29.8,12.5,19.2,11.1,False,,False,,True,+20–30% de risque d’HTA si sodium >2g/j,True,-9% de risque de diabète type 2 par 10g/j de fibres,False,,True,-4% de mortalité cardiovasculaire par +80g/j de fruits
1990,45 to 49,Male,8.87655565654173,165.766500580438,0.613972064321878,31.2526179292979,2.35987971979158,64.1413367197281,5.17738850883654,2.44185052288249,81.3991399441817,115.822006568885,25.5312176926516,0.522200240367435,0.922039110604515,13.6964215889879,179.317080090444,425,2.4,9.1,29.8,12.5,19.2,11.1,False,,False,,True,+20–30% de risque d’HTA si sodium >2g/j,True,-9% de risque de diabète type 2 par 10g/j de fibres,False,,True,-4% de mortalité cardiovasculaire par +80g/j de fruits
1990,50 to 54,Male,9.04991719453153,174.358243796437,0.620864165189125,29.9331585207658,2.99071331794721,56.8401800242126,5.50804118987743,2.47568411293418,78.5729891780096,140.306400196901,26.0100688100408,0.550431038105272,0.945310456673278,14.0466007181209,183.7393175221,425,2.4,9.1,29.8,12.5,19.2,11.1,False,,False,,True,+20–30% de risque d’HTA si sodium >2g/j,True,-9% de risque de diabète type 2 par 10g/j de fibres,False,,True,-4% de mortalité cardiovasculaire par +80g/j de fruits
1990,55 to 59,Male,9.26907690993372,171.512713466427,0.634402310016081,28.5931259613845,2.94238367240009,49.3054282002134,5.7776512283112,2.50223794887462,76.0668479532998,138.176236564249,25.9295920432513,0.576887104797625,0.960927051492278,14.7199122299088,189.770018791642,425,2.4,9.1,29.8,12.5,19.2,11.1,False,,False,,True,+20–30% de risque d’HTA si sodium >2g/j,True,-9% de risque de diabète type 2 par 10g/j de fibres,False,,True,-4% de mortalité cardiovasculaire par +80g/j de fruits
1990,60 to 64,Male,9.30108164535488,169.985611663206,0.644784729414944,26.9672902451244,2.97605395935914,45.2979052469317,5.76985644664289,2.50175638646813,73.1467170058117,143.25017881374,25.6851494165026,0.588485697799559,0.958386500540956,14.9357140620773,193.278736692397,425,2.4,9.1,29.8,12.5,19.2,11.1,False,,False,,True,+20–30% de risque d’HTA si sodium >2g/j,True,-9% de risque de diabète type 2 par 10g/j de fibres,False,,True,-4% de mortalité cardiovasculaire par +80g/j de fruits
1990,65 to 69,Male,9.35734102390889,163.804694423204,0.662058813739751,25.4287343240613,3.15414367206794,43.6587960007866,5.43387344034961,2.49776577599106,69.3178746386935,139.933636116318,24.7940498816853,0.568537469396905,0.923611890276867,14.4855724598978,193.819792171299,425,2.4,9.1,29.8,12.5,19.2,11.1,False,,False,,True,+20–30% de risque d’HTA si sodium >2g/j,True,-9% de risque de diabète type 2 par 10g/j de fibres,False,,True,-4% de mortalité cardiovasculaire par +80g/j de fruits
1990,70 to 74,Male,9.37052174644443,157.043272123847,0.675823908117623,23.4799997590805,3.08156112825692,40.6504195268032,5.12291452679714,2.4714412163786,65.6571314234746,137.315342424429,23.7993806149638,0.546985364616011,0.888084134174176,14.0199152005148,194.720368481646,425,2.4,9.1,29.8,12.5,19.2,11.1,False,,False,,True,+20–30% de risque d’HTA si sodium >2g/j,True,-9% de risque de diabète type 2 par 10g/j de fibres,False,,True,-4% de mortalité cardiovasculaire par +80g/j de fruits
1990,75 to 79,Male,9.36962579426214,150.687936935323,0.692557720502062,21.7706887810332,2.85741847661397,38.0607658233329,4.8479910818656,2.45929056166987,61.9732006880112,134.058743987574,22.8658114311091,0.519153697109105,0.852200285701511,13.5727840748834,195.468492917498,425,2.4,9.1,29.8,12.5,19.2,11.1,False,,False,,True,+20–30% de risque d’HTA si sodium >2g/j,True,-9% de risque de diabète type 2 par 10g/j de fibres,False,,True,-4% de mortalité cardiovasculaire par +80g/j de fruits
1990,80 to 84,Male,9.39393605573092,133.710999621585,0.709349154374174,18.3233800339201,2.93790937935978,33.6376684742578,3.97594191450851,2.38727038767369,51.8322801403607,126.945689553738,20.6870737664242,0.467523428881514,0.762689500601814,12.3513440571156,197.537662497191,425,2.4,9.1,29.8,12.5,19.2,11.1,False,,False,,True,+20–30% de risque d’HTA si sodium >2g/j,True,-9% de risque de diabète type 2 par 10g/j de fibres,False,,True,-4% de mortalité cardiovasculaire par +80g/j de fruits
1990,85 to 89,Male,11.3044341838658,135.286028657722,0.714339518360825,21.6656823583457,3.08801318527658,44.9597413982989,4.63841454598112,2.67676643427114,52.1781721041419,130.849830295186,18.6582913194006,0.479583216684602,0.792183566527946,13.3669996240321,196.966482656531,425,2.4,9.1,29.8,12.5,19.2,11.1,False,,False,,True,+20–30% de risque d’HTA si sodium >2g/j,True,-9% de risque de diabète type 2 par 10g/j de fibres,False,,True,-4% de mortalité cardiovasculaire par +80g/j de fruits
1990,90 to 94,Male,9.62860624584291,136.624369036677,0.712557383389028,22.0681998980867,3.06877713488426,45.2035095365421,4.72727099413044,2.65034362688113,52.5524156835519,131.703035802889,18.8417528663417,0.480284711844431,0.792836802894852,13.2715743659539,196.479910356889,425,2.4,9.1,29.8,12.5,19.2,11.1,False,,False,,True,+20–30% de risque d’HTA si sodium >2g/j,True,-9% de risque de diabète type 2 par 10g/j de fibres,False,,True,-4% de mortalité cardiovasculaire par +80g/j de fruits
1990,95 plus,Male,9.43180107763208,136.334905797027,0.71233315577547,21.98218925224,3.0670763822796,45.4191465089742,4.74082639313843,2.67341975867595,53.3300396743314,128.726192766368,18.6263881958966,0.47988747886202,0.79543835719281,13.2628086482386,197.541541792238,425,2.4,9.1,29.8,12.5,19.2,11.1,False,,False,,True,+20–30% de risque d’HTA si sodium >2g/j,True,-9% de risque de diabète type 2 par 10g/j de fibres,False,,True,-4% de mortalité cardiovasculaire par +80g/j de fruits
1991,25 to 29,Male,6.71234035313015,153.322863304384,0.591923369073246,34.2454574309671,3.53818982669616,129.458249629399,4.16921525332087,2.33960059785906,85.3887049084063,92.5430734054357,23.7612011244831,0.483565698162443,0.885825286348069,11.9852240940779,182.886744122499,415,2.5,9.3,29.1,12.1,19.1,10.8,False,,True,+18% de cancer global par 100ml/j de boissons sucrées,True,+20–30% de risque d’HTA si sodium >2g/j,True,-9% de risque de diabète type 2 par 10g/j de fibres,False,,True,-4% de mortalité cardiovasculaire par +80g/j de fruits
1991,30 to 34,Male,7.43490688133486,156.856924710773,0.584961577974927,33.9356077564343,3.34237479440397,108.885374611481,4.41346208961817,2.35862765920838,85.06830634974,95.800930289592,24.373748035992,0.490009644292511,0.889641740060521,12.1737541805837,178.583764286984,415,2.5,9.3,29.1,12.1,19.1,10.8,False,,True,+18% de cancer global par 100ml/j de boissons sucrées,True,+20–30% de risque d’HTA si sodium >2g/j,True,-9% de risque de diabète type 2 par 10g/j de fibres,False,,True,-4% de mortalité cardiovasculaire par +80g/j de fruits
1991,35 to 39,Male,8.05735545122726,160.395160376741,0.592856480628423,33.5177627321975,2.99290111597445,133.974149678885,4.66544591490479,2.3909926730682,85.0922903658413,99.1033502151346,25.1840163758388,0.487640095917049,0.89283147114113,12.370642356614,173.866751575717,415,2.5,9.3,29.1,12.1,19.1,10.8,False,,True,+18% de cancer global par 100ml/j de boissons sucrées,True,+20–30% de risque d’HTA si sodium >2g/j,True,-9% de risque de diabète type 2 par 10g/j de fibres,False,,True,-4% de mortalité cardiovasculaire par +80g/j de fruits
1991,40 to 44,Male,8.49074513539326,161.214378913374,0.59805902251184,32.7893241534958,2.69127313584592,71.8181503794117,4.95656859159727,2.42365827015721,83.8137265175112,119.73417192812,25.5058655958901,0.498515663672989,0.902240458654809,12.7412243778169,175.022590523373,415,2.5,9.3,29.1,12.1,19.1,10.8,False,,False,,True,+20–30% de risque d’HTA si sodium >2g/j,True,-9% de risque de diabète type 2 par 10g/j de fibres,False,,True,-4% de mortalité cardiovasculaire par +80g/j de fruits
1991,45 to 49,Male,8.72542486916052,164.749524989671,0.613102990906751,31.2812178970246,2.35700513319583,64.0989362508758,5.2264583044713,2.46151199935874,80.7469903236705,115.357952910996,25.8002788797459,0.527776545101686,0.920652845398769,13.8112672918186,179.647826890794,415,2.5,9.3,29.1,12.1,19.1,10.8,False,,False,,True,+20–30% de risque d’HTA si sodium >2g/j,True,-9% de risque de diabète type 2 par 10g/j de fibres,False,,True,-4% de mortalité cardiovasculaire par +80g/j de fruits
1991,50 to 54,Male,8.8922531990299,174.09020681007,0.618877962149024,29.9179788784269,2.99068354178283,56.7930062772519,5.55639619071452,2.49550328728761,78.0044913300635,144.95522708465,26.2935692433359,0.556768931986705,0.944329408209801,14.0739205567385,183.98395926057,415,2.5,9.3,29.1,12.1,19.1,10.8,False,,False,,True,+20–30% de risque d’HTA si sodium >2g/j,True,-9% de risque de diabète type 2 par 10g/j de fibres,False,,True,-4% de mortalité cardiovasculaire par +80g/j de fruits
1991,55 to 59,Male,9.11042905562224,170.469170307839,0.633108297602361,28.5755119998185,2.94088458368311,49.2975941906195,5.83069001996821,2.52183031919445,75.512848581109,137.87588864632,26.2118589855857,0.583378157361059,0.959595818182333,14.7424369765825,189.962858654946,415,2.5,9.3,29.1,12.1,19.1,10.8,False,,False,,True,+20–30% de risque d’HTA si sodium >2g/j,True,-9% de risque de diabète type 2 par 10g/j de fibres,False,,True,-4% de mortalité cardiovasculaire par +80g/j de fruits
1991,60 to 64,Male,9.13193327885422,168.895563711414,0.643202158472097,26.9547590521772,2.97251333006523,45.3505310461292,5.8230567551572,2.52287848736288,72.5297296438363,142.893162287252,25.9461110115273,0.595166574891471,0.957064470763686,14.9585086337898,193.507765364201,415,2.5,9.3,29.1,12.1,19.1,10.8,False,,False,,True,+20–30% de risque d’HTA si sodium >2g/j,True,-9% de risque de diabète type 2 par 10g/j de fibres,False,,True,-4% de mortalité cardiovasculaire par +80g/j de fruits
1991,65 to 69,Male,9.19307009625332,162.726320143798,0.66265028522195,25.4012874411322,3.13808938948238,43.4651276775742,5.48274069365546,2.51798340122331,68.7480152474603,139.68802806047,25.0692825749663,0.575429460010601,0.922399946288455,14.510162475566,194.129258165425,415,2.5,9.3,29.1,12.1,19.1,10.8,False,,False,,True,+20–30% de risque d’HTA si sodium >2g/j,True,-9% de risque de diabète type 2 par 10g/j de fibres,False,,True,-4% de mortalité cardiovasculaire par +80g/j de fruits
1991,70 to 74,Male,9.20788905031457,155.947700663562,0.676528132429691,23.4874074393608,3.07211609527833,40.6500111016933,5.17129136189146,2.49171424178692,65.1066114312841,136.974816360898,24.0544347789741,0.553330796693416,0.88685269456536,14.0420017979033,194.961677094116,415,2.5,9.3,29.1,12.1,19.1,10.8,False,,False,,True,+20–30% de risque d’HTA si sodium >2g/j,True,-9% de risque de diabète type 2 par 10g/j de fibres,False,,True,-4% de mortalité cardiovasculaire par +80g/j de fruits
1991,75 to 79,Male,9.20053957358295,149.815259024906,0.690429860852353,21.7845889263289,2.85122327573572,38.1451373221829,4.89088009092748,2.47851346898725,61.4814125223708,133.750008202192,23.1206075084019,0.525216461806256,0.851121585270948,13.5982655819661,195.729938058652,415,2.5,9.3,29.1,12.1,19.1,10.8,False,,False,,True,+20–30% de risque d’HTA si sodium >2g/j,True,-9% de risque de diabète type 2 par 10g/j de fibres,False,,True,-4% de mortalité cardiovasculaire par +80g/j de fruits
1991,80 to 84,Male,9.23157076280544,132.809698752335,0.710390219686964,18.2554773398791,2.93264512679464,33.5968940760786,4.01117695525277,2.40682878718047,51.4103581049153,126.647089183036,20.8754815509595,0.47271142336182,0.761758683914337,12.3739630672228,197.722926090976,415,2.5,9.3,29.1,12.1,19.1,10.8,False,,False,,True,+20–30% de risque d’HTA si sodium >2g/j,True,-9% de risque de diabète type 2 par 10g/j de fibres,False,,True,-4% de mortalité cardiovasculaire par +80g/j de fruits
1991,85 to 89,Male,11.4041199616553,135.745328333798,0.713213265106794,21.7152669566255,3.08224900746943,45.6669862640444,4.67895235772445,2.69486009383827,52.1724980611873,131.302605650616,18.7143511233632,0.484741388751854,0.794815827962891,13.4114568299368,197.363011822896,415,2.5,9.3,29.1,12.1,19.1,10.8,False,,False,,True,+20–30% de risque d’HTA si sodium >2g/j,True,-9% de risque de diabète type 2 par 10g/j de fibres,False,,True,-4% de mortalité cardiovasculaire par +80g/j de fruits
1991,90 to 94,Male,9.61145257725958,137.204314364422,0.711292764757168,22.130184090001,3.06476305101793,45.8695170881071,4.77720953189612,2.6691342924291,52.5150520122471,132.10162750212,18.8292690352697,0.485223664290967,0.795452208551533,13.3201443683125,196.849950045624,415,2.5,9.3,29.1,12.1,19.1,10.8,False,,False,,True,+20–30% de risque d’HTA si sodium >2g/j,True,-9% de risque de diabète type 2 par 10g/j de fibres,False,,True,-4% de mortalité cardiovasculaire par +80g/j de fruits
1991,95 plus,Male,9.41185499307067,136.781073603284,0.715309551283505,22.0347645982876,3.06455990752759,46.079664006721,4.78072158350031,2.69071248810432,53.3454442645057,129.176047005458,18.6567937792085,0.485171914421698,0.798059863275243,13.3140714268523,198.036621897413,415,2.5,9.3,29.1,12.1,19.1,10.8,False,,False,,True,+20–30% de risque d’HTA si sodium >2g/j,True,-9% de risque de diabète type 2 par 10g/j de fibres,False,,True,-4% de mortalité cardiovasculaire par +80g/j de fruits
1992,25 to 29,Male,6.58623196908559,151.965900614258,0.590625979284885,34.2993707605267,3.53871934070123,129.406200966047,4.19381076729434,2.36075260998008,84.6324610780139,92.1276713310317,23.9550524001037,0.488456861054216,0.883483783507712,11.9919118897594,183.054585020967,405,2.7,9.5,28.7,11.9,18.9,11.0,False,,True,+18% de cancer global par 100ml/j de boissons sucrées,True,+20–30% de risque d’HTA si sodium >2g/j,True,-9% de risque de diabète type 2 par 10g/j de fibres,False,,True,-4% de mortalité cardiovasculaire par +80g/j de fruits
1992,30 to 34,Male,7.29652115252925,155.489814341932,0.585970082003783,33.9493811927135,3.34191261808933,108.617030869594,4.43785015763054,2.37999355086674,84.3061338199787,95.373278943577,24.5683676358123,0.495146290226559,0.887213124735422,12.178391152958,178.862657605729,405,2.7,9.5,28.7,11.9,18.9,11.0,False,,True,+18% de cancer global par 100ml/j de boissons sucrées,True,+20–30% de risque d’HTA si sodium >2g/j,True,-9% de risque de diabète type 2 par 10g/j de fibres,False,,True,-4% de mortalité cardiovasculaire par +80g/j de fruits
1992,35 to 39,Male,7.90435262711912,159.219076975535,0.592589098956878,33.5663810658616,2.99149324364613,132.319097637317,4.69470788305528,2.41270346433972,84.3354184882568,98.5597572732486,25.4159626997394,0.492981137226666,0.890398779862025,12.3743115418435,174.088676260062,405,2.7,9.5,28.7,11.9,18.9,11.0,False,,True,+18% de cancer global par 100ml/j de boissons sucrées,True,+20–30% de risque d’HTA si sodium >2g/j,True,-9% de risque de diabète type 2 par 10g/j de fibres,False,,True,-4% de mortalité cardiovasculaire par +80g/j de fruits
1992,40 to 44,Male,8.3202321343235,159.507709909964,0.596356851541133,32.8225830532941,2.69147158067306,71.5517987466652,4.98530823144475,2.44551444593055,83.0090745275811,120.880182289661,25.7129956914952,0.503995076290809,0.899861036108515,12.7471425928141,175.265834254547,405,2.7,9.5,28.7,11.9,18.9,11.0,False,,False,,True,+20–30% de risque d’HTA si sodium >2g/j,True,-9% de risque de diabète type 2 par 10g/j de fibres,False,,True,-4% de mortalité cardiovasculaire par +80g/j de fruits
1992,45 to 49,Male,8.56043479298092,163.445052420459,0.613353645981631,31.3201605537983,2.35473836425496,63.9383130371731,5.25900399581329,2.48403371723163,80.009283657066,114.688451636042,26.0081716379671,0.533027689113858,0.918108124435294,13.8992882803942,179.968591800477,405,2.7,9.5,28.7,11.9,18.9,11.0,False,,False,,True,+20–30% de risque d’HTA si sodium >2g/j,True,-9% de risque de diabète type 2 par 10g/j de fibres,False,,True,-4% de mortalité cardiovasculaire par +80g/j de fruits
1992,50 to 54,Male,8.72398508940948,173.318211155132,0.619155832539403,29.9252923438834,2.98976811068663,56.6745393562051,5.58583431013451,2.51798763883697,77.3318940768171,149.422251701759,26.5097949527252,0.562858446081119,0.942084002557342,14.0818502311315,184.242827333261,405,2.7,9.5,28.7,11.9,18.9,11.0,False,,False,,True,+20–30% de risque d’HTA si sodium >2g/j,True,-9% de risque de diabète type 2 par 10g/j de fibres,False,,True,-4% de mortalité cardiovasculaire par +80g/j de fruits
1992,55 to 59,Male,8.93750956485014,169.001647735152,0.633273421755057,28.5675066852792,2.93963701115144,49.1989991245426,5.86429256322416,2.54441113024564,74.8490896760076,137.232174654762,26.4288756546694,0.589599867346029,0.957074374141428,14.7429410483531,190.181149854571,405,2.7,9.5,28.7,11.9,18.9,11.0,False,,False,,True,+20–30% de risque d’HTA si sodium >2g/j,True,-9% de risque de diabète type 2 par 10g/j de fibres,False,,True,-4% de mortalité cardiovasculaire par +80g/j de fruits
1992,60 to 64,Male,8.95178532018706,167.440967146328,0.643053421247585,26.9515835810481,2.96942408833427,45.3069582093935,5.85781744699036,2.54690932965657,71.8182482345281,142.209629044264,26.1417286878852,0.601434659171696,0.954483783861563,14.9616736426858,193.757161271322,405,2.7,9.5,28.7,11.9,18.9,11.0,False,,False,,True,+20–30% de risque d’HTA si sodium >2g/j,True,-9% de risque de diabète type 2 par 10g/j de fibres,False,,True,-4% de mortalité cardiovasculaire par +80g/j de fruits
1992,65 to 69,Male,9.01504417187459,161.260912643564,0.661975580504129,25.3885730507925,3.12324534495003,43.2049349130065,5.51660979394214,2.54107956972944,68.1134954995752,139.099036010818,25.2814980760033,0.58199085821212,0.920027153733395,14.5125068452369,194.440691979587,405,2.7,9.5,28.7,11.9,18.9,11.0,False,,False,,True,+20–30% de risque d’HTA si sodium >2g/j,True,-9% de risque de diabète type 2 par 10g/j de fibres,False,,True,-4% de mortalité cardiovasculaire par +80g/j de fruits
1992,70 to 74,Male,9.0337440672942,154.496485415656,0.678855042181793,23.5051746010075,3.06346995576643,40.540405095929,5.20347817764883,2.5147528227135,64.4852901810299,136.343677340221,24.2584861250224,0.559263747199383,0.884499847502054,14.0453516093956,195.239885948988,405,2.7,9.5,28.7,11.9,18.9,11.0,False,,False,,True,+20–30% de risque d’HTA si sodium >2g/j,True,-9% de risque de diabète type 2 par 10g/j de fibres,False,,True,-4% de mortalité cardiovasculaire par +80g/j de fruits
1992,75 to 79,Male,9.02011848002781,148.595746489495,0.687677649233148,21.8062290228177,2.84532183878458,38.1488428026965,4.91774502569311,2.50041901629112,60.9043697578725,133.132577183629,23.3257026339153,0.530966542249979,0.848952189512047,13.6041028702803,196.033743193554,405,2.7,9.5,28.7,11.9,18.9,11.0,False,,False,,True,+20–30% de risque d’HTA si sodium >2g/j,True,-9% de risque de diabète type 2 par 10g/j de fibres,False,,True,-4% de mortalité cardiovasculaire par +80g/j de fruits
1992,80 to 84,Male,9.05567182463727,131.632879824592,0.712033980413318,18.190402295401,2.92791994910669,33.4899244564189,4.03407201499493,2.42913868594373,50.9142837641136,126.109612038065,21.0268983707266,0.477682378961944,0.759941657524649,12.3792677953639,197.912854506848,405,2.7,9.5,28.7,11.9,18.9,11.0,False,,False,,True,+20–30% de risque d’HTA si sodium >2g/j,True,-9% de risque de diabète type 2 par 10g/j de fibres,False,,True,-4% de mortalité cardiovasculaire par +80g/j de fruits
1992,85 to 89,Male,11.5016457064587,136.016214108991,0.712342105004997,21.754448821137,3.07685823297563,46.2816531159625,4.71236982077173,2.71297959004924,52.1160522177179,131.69048961836,18.7345772099422,0.489573019878417,0.796612880190736,13.4441232141972,197.562858644483,405,2.7,9.5,28.7,11.9,18.9,11.0,False,,False,,True,+20–30% de risque d’HTA si sodium >2g/j,True,-9% de risque de diabète type 2 par 10g/j de fibres,False,,True,-4% de mortalité cardiovasculaire par +80g/j de fruits
1992,90 to 94,Male,9.58873516177038,137.574614082894,0.711113055010506,22.1710108595827,3.0610071682876,46.3823640893313,4.81822283461398,2.68800656097465,52.4168487692368,132.398874189043,18.7834936302493,0.489852736053349,0.797186694523087,13.3571921469036,197.070663082119,405,2.7,9.5,28.7,11.9,18.9,11.0,False,,False,,True,+20–30% de risque d’HTA si sodium >2g/j,True,-9% de risque de diabète type 2 par 10g/j de fibres,False,,True,-4% de mortalité cardiovasculaire par +80g/j de fruits
1992,95 plus,Male,9.38769177095287,137.050069417408,0.71611791479208,22.072298983097,3.06242802419394,46.6075085445197,4.81331788166967,2.70758572714393,53.2982920553417,129.54863405235,18.6634206790707,0.490108661279398,0.799775599365866,13.3536096561164,198.347243101166,405,2.7,9.5,28.7,11.9,18.9,11.0,False,,False,,True,+20–30% de risque d’HTA si sodium >2g/j,True,-9% de risque de diabète type 2 par 10g/j de fibres,False,,True,-4% de mortalité cardiovasculaire par +80g/j de fruits
1993,25 to 29,Male,6.45648858326427,150.156489879803,0.588266976650953,34.3679676941766,3.54027043119811,129.064576498805,4.20032145978968,2.38227874080662,83.6931662699957,91.4623071545927,24.058134967928,0.492126302085142,0.87963777884179,11.9781840057137,183.169855001663,397,2.8,9.7,28.0,11.8,18.8,11.3,False,,True,+18% de cancer global par 100ml/j de boissons sucrées,True,+20–30% de risque d’HTA si sodium >2g/j,True,-9% de risque de diabète type 2 par 10g/j de fibres,False,,True,-4% de mortalité cardiovasculaire par +80g/j de fruits
1993,30 to 34,Male,7.14566986816377,153.675940972561,0.586645083261985,33.9861649406262,3.34166657552562,108.028821806014,4.44165286459452,2.40164913668082,83.3773493994448,94.6712117369019,24.6640621494303,0.499069706077951,0.883251550560855,12.1631066136063,179.116104343406,397,2.8,9.7,28.0,11.8,18.8,11.3,False,,True,+18% de cancer global par 100ml/j de boissons sucrées,True,+20–30% de risque d’HTA si sodium >2g/j,True,-9% de risque de diabète type 2 par 10g/j de fibres,False,,True,-4% de mortalité cardiovasculaire par +80g/j de fruits
1993,35 to 39,Male,7.74119761903328,157.590069152126,0.59256365106007,33.6274099108392,2.98997711634113,129.840700777449,4.70367060346613,2.43465958565128,83.4184707958633,97.7360925010994,25.5638436177493,0.496943793623875,0.886409100151413,12.3559226754305,174.222811978984,397,2.8,9.7,28.0,11.8,18.8,11.3,False,,True,+18% de cancer global par 100ml/j de boissons sucrées,True,+20–30% de risque d’HTA si sodium >2g/j,True,-9% de risque de diabète type 2 par 10g/j de fibres,False,,True,-4% de mortalité cardiovasculaire par +80g/j de fruits
1993,40 to 44,Male,8.13819392863696,157.426203180063,0.597296750361061,32.8799979220112,2.69162309502627,71.1047771689771,4.9922237018184,2.46794155060626,82.0470653691355,120.667458908075,25.8254589708093,0.508148394478876,0.895869104696819,12.731412312083,175.437389600295,397,2.8,9.7,28.0,11.8,18.8,11.3,False,,False,,True,+20–30% de risque d’HTA si sodium >2g/j,True,-9% de risque de diabète type 2 par 10g/j de fibres,False,,True,-4% de mortalité cardiovasculaire par +80g/j de fruits
1993,45 to 49,Male,8.38125581858911,161.787887593987,0.614737592336902,31.3690979139001,2.3530790898566,63.6036482592033,5.26736013210965,2.50674872986834,79.1552245014509,113.757779773967,26.1265640457803,0.536880449457758,0.913969326837345,13.9420547563148,180.225522522519,397,2.8,9.7,28.0,11.8,18.8,11.3,False,,False,,True,+20–30% de risque d’HTA si sodium >2g/j,True,-9% de risque de diabète type 2 par 10g/j de fibres,False,,True,-4% de mortalité cardiovasculaire par +80g/j de fruits
1993,50 to 54,Male,8.54260109748549,171.8635675377,0.61972320787367,29.9495206414659,2.98846162543285,56.3988953359761,5.58955130791525,2.54085071597022,76.5198835570942,152.840884220806,26.6326647529605,0.567541605860627,0.938080042516902,14.0668481638072,184.469426928221,397,2.8,9.7,28.0,11.8,18.8,11.3,False,,False,,True,+20–30% de risque d’HTA si sodium >2g/j,True,-9% de risque de diabète type 2 par 10g/j de fibres,False,,True,-4% de mortalité cardiovasculaire par +80g/j de fruits
1993,55 to 59,Male,8.75110623676446,167.031482256775,0.632727688634597,28.5704274422024,2.9392176356149,48.9847800561795,5.87301796652826,2.56763890837478,74.0418189701946,136.116601001933,26.5429452841715,0.594309474399819,0.952836112854926,14.7188198222376,190.364290039585,397,2.8,9.7,28.0,11.8,18.8,11.3,False,,False,,True,+20–30% de risque d’HTA si sodium >2g/j,True,-9% de risque de diabète type 2 par 10g/j de fibres,False,,True,-4% de mortalité cardiovasculaire par +80g/j de fruits
1993,60 to 64,Male,8.76135048224311,165.48220898434,0.642394953340442,26.9644582256234,2.96718270680722,45.1048353933907,5.86642597686523,2.57114889657669,71.0004505966681,141.091816098403,26.2449784001147,0.60612636730409,0.950198331549212,14.939525587175,193.989340673949,397,2.8,9.7,28.0,11.8,18.8,11.3,False,,False,,True,+20–30% de risque d’HTA si sodium >2g/j,True,-9% de risque de diabète type 2 par 10g/j de fibres,False,,True,-4% de mortalité cardiovasculaire par +80g/j de fruits
1993,65 to 69,Male,8.82453710901943,159.360877555165,0.662248740798297,25.3847228288757,3.11161127356614,42.8447178973366,5.52629878011297,2.56453968391035,67.371761709407,138.062681007967,25.3901832944382,0.587122314296311,0.916021314194211,14.4907955982406,194.706979444237,397,2.8,9.7,28.0,11.8,18.8,11.3,False,,False,,True,+20–30% de risque d’HTA si sodium >2g/j,True,-9% de risque de diabète type 2 par 10g/j de fibres,False,,True,-4% de mortalité cardiovasculaire par +80g/j de fruits
1993,70 to 74,Male,8.84805651510214,152.604182464643,0.681873113330025,23.5331471442421,3.06163888046733,40.2990881537893,5.21405555473286,2.53786337387368,63.7688533944535,135.287440828584,24.3786763175551,0.563582715098772,0.880602500890725,14.0254960960039,195.512942002784,397,2.8,9.7,28.0,11.8,18.8,11.3,False,,False,,True,+20–30% de risque d’HTA si sodium >2g/j,True,-9% de risque de diabète type 2 par 10g/j de fibres,False,,True,-4% de mortalité cardiovasculaire par +80g/j de fruits
1993,75 to 79,Male,8.82705690221204,146.955411562601,0.687179225128812,21.8375556342267,2.8418349759123,38.0350319200079,4.92400472591123,2.5222518592896,60.2092817388523,132.098066491767,23.4345581146399,0.535276409610901,0.845270548682433,13.5858852517408,196.284924682347,397,2.8,9.7,28.0,11.8,18.8,11.3,False,,False,,True,+20–30% de risque d’HTA si sodium >2g/j,True,-9% de risque de diabète type 2 par 10g/j de fibres,False,,True,-4% de mortalité cardiovasculaire par +80g/j de fruits
1993,80 to 84,Male,8.8642492590625,130.137394204487,0.712885520357978,18.1236728349986,2.92595922769453,33.2633684516149,4.04025178912251,2.45170502478694,50.3316775084045,125.21236455637,21.0956999594336,0.481474728352601,0.756859772114527,12.3637232751871,198.061126650496,397,2.8,9.7,28.0,11.8,18.8,11.3,False,,False,,True,+20–30% de risque d’HTA si sodium >2g/j,True,-9% de risque de diabète type 2 par 10g/j de fibres,False,,True,-4% de mortalité cardiovasculaire par +80g/j de fruits
1993,85 to 89,Male,11.5956270923506,136.024749369372,0.711507637509472,21.7835355921387,3.07498260931064,46.7473766908455,4.73379910485985,2.72806512491251,51.9882982427681,131.85704841849,18.7077015063078,0.493178124752892,0.797098821477486,13.4591998908803,197.493259901111,397,2.8,9.7,28.0,11.8,18.8,11.3,False,,False,,True,+20–30% de risque d’HTA si sodium >2g/j,True,-9% de risque de diabète type 2 par 10g/j de fibres,False,,True,-4% de mortalité cardiovasculaire par +80g/j de fruits
1993,90 to 94,Male,9.55884299889242,137.62509183166,0.711085699618673,22.1886172195144,3.06046268268611,46.6920414179596,4.84390461554358,2.70381955656313,52.2505115457896,132.481092647291,18.7014977720098,0.493269428204287,0.797613555282511,13.3754127178503,197.027957004298,397,2.8,9.7,28.0,11.8,18.8,11.3,False,,False,,True,+20–30% de risque d’HTA si sodium >2g/j,True,-9% de risque de diabète type 2 par 10g/j de fibres,False,,True,-4% de mortalité cardiovasculaire par +80g/j de fruits
1993,95 plus,Male,9.3564006256521,137.031249493585,0.715220264249514,22.0946195037069,3.0636729363036,46.9343630445468,4.83156221894186,2.72142496939249,53.1624083208474,129.699185937925,18.6255147438507,0.493775661019587,0.800142158910628,13.3757835884809,198.381839695583,397,2.8,9.7,28.0,11.8,18.8,11.3,False,,False,,True,+20–30% de risque d’HTA si sodium >2g/j,True,-9% de risque de diabète type 2 par 10g/j de fibres,False,,True,-4% de mortalité cardiovasculaire par +80g/j de fruits
